<?xml version="1.0" encoding="UTF-8" standalone="yes"?>
<addon id="plugin.video.nhaccuatui"
       name="Nhaccuatui"
       version="1.0.1"
       provider-name="longlhp">
  <requires>
    <import addon="xbmc.python" version="2.1.0"/>
  </requires>
  <extension point="xbmc.python.pluginsource" library="default.py">
    <provides>video</provides>
  </extension>
  <extension point="xbmc.addon.metadata">
    <summary>livestreams</summary>
    <description>
	Watch Nhaccuatui Videos.
    </description>
    <platform>all</platform>
  </extension>
  <extension point="xbmc.addon.repository"
              name="Longlhp's Add-on Repository">
    <info compressed="true">https://raw.githubusercontent.com/longlhp/xbmc-addons/master/addons.xml</info>
    <checksum>https://raw.githubusercontent.com/longlhp/xbmc-addons/master/addon.xml.md5</checksum>
    <datadir zip="true">https://raw.githubusercontent.com/longlhp/xbmc-addons/master/dist</datadir>
  </extension>
</addon>
