<?xml version="1.0" encoding="UTF-8" standalone="yes"?>
<addon id="plugin.video.nhaccuatui"
       name="Nhaccuatui"
       version="1.0.9"
       provider-name="Long Ly">
  <requires>
    <import addon="xbmc.python" version="2.1.0"/>
  </requires>
  <extension point="xbmc.python.pluginsource" library="default.py">
    <provides>video</provides>
  </extension>
  <extension point="xbmc.addon.metadata">
    <summary>Nhaccuatui</summary>
    <description>
	Watch Nhaccuatui Videos.
    </description>
    <platform>all</platform>
  </extension>
</addon>
