<?xml version="1.0" encoding="UTF-8" standalone="yes"?>
<addon id="plugin.video.fsrepo"
		name="FSrepo"
		version="1.0.21"
		provider-name="Long Ly">
	<requires>
		<import addon="xbmc.python" version="2.1.0" />
		<import addon="script.module.simple.downloader" version="1.9.4" />
	</requires>
	<extension point="xbmc.python.pluginsource"
				library="default.py">
		<provides>video</provides>
	</extension>
	<extension point="xbmc.addon.metadata">
		<platform>all</platform>
		<language>en</language>
		<summary lang="en">Xem phim HD trên server FShare</summary>
		<description lang="en">Add-on cho phép xem trực tiếp phim HD được lưu trữ trên dịch vụ FShare.</description>
	</extension>
</addon>
